customer_id,customer_name,email,state,city,created_at,updated_at
1,Miguel Rezende,barbosastella@example.org,MS,Montenegro,2025-03-25T19:51:09.517073,2025-09-06T19:51:09.517073
2,Pedro Henrique Leão,da-costafernando@example.net,PA,Nunes,2025-01-25T00:37:09.710749,2025-04-12T00:37:09.710749
3,Bento Oliveira,oaragao@example.org,PI,da Rocha,2024-12-06T05:14:22.355367,2025-06-26T05:14:22.355367
4,Bárbara Oliveira,luiz-miguel19@example.net,RS,Freitas,2025-05-17T01:13:45.579252,2026-04-15T01:13:45.579252
5,Srta. Ana Liz Pinto,maysarodrigues@example.net,PA,Martins Verde,2024-11-21T18:25:42.247667,2024-12-15T18:25:42.247667
6,Dr. Josué Vieira,ryanbarros@example.net,MA,Fernandes de Siqueira,2026-02-17T09:19:46.466004,2026-03-26T09:19:46.466004
7,Ana Sophia Campos,wcavalcante@example.com,BA,Leão de Aparecida,2025-06-02T07:45:05.010061,2026-03-03T07:45:05.010061
8,Levi Fernandes,maysa97@example.org,TO,da Mata,2026-03-10T12:39:59.208178,2026-04-27T12:39:59.208178
9,Ana Luiza Araújo,maite46@example.net,MS,Martins,2025-06-16T04:00:04.317621,2025-12-20T04:00:04.317621
10,Bruna Monteiro,cunhaalicia@example.org,SC,Gonçalves,2025-04-12T03:50:15.803266,2026-02-04T03:50:15.803266
11,Anna Liz Cavalcante,jguerra@example.com,BA,Novaes Paulista,2025-05-01T14:30:36.662015,2025-05-30T14:30:36.662015
12,Dr. Igor Cassiano,cavalcantikevin@example.org,RO,Albuquerque,2025-10-21T10:57:58.976845,2026-07-07T10:57:58.976845
13,Emilly da Luz,anthony26@example.net,MS,Cardoso do Galho,2025-06-22T02:52:45.354822,2025-10-09T02:52:45.354822
14,Ana Júlia Marques,zgoncalves@example.com,AM,Porto de Guerra,2026-03-04T01:32:53.416445,2026-03-23T01:32:53.416445
15,Gustavo Henrique Macedo,henryfernandes@example.net,AL,Abreu,2024-11-02T11:44:18.931273,2024-12-16T11:44:18.931273
16,Beatriz Fonseca,barbosaoliver@example.net,MG,Porto,2025-08-05T22:54:32.046849,2026-03-15T22:54:32.046849
17,Dr. Renan Campos,mendoncamaria-flor@example.com,PR,Barros Grande,2025-02-14T14:34:00.648453,2025-09-16T14:34:00.648453
18,Dr. Rhavi Sales,pietraalmeida@example.org,PE,Casa Grande da Prata,2024-11-24T08:59:18.367296,2024-12-29T08:59:18.367296
19,Letícia Ramos,sampaiovicente@example.net,MS,Fogaça,2026-02-12T07:04:57.919155,2026-06-15T07:04:57.919155
20,Ágatha Vasconcelos,pietro93@example.org,TO,Sousa de Goiás,2025-11-26T08:54:04.719281,2026-01-11T08:54:04.719281
21,Maria Alice Siqueira,alvesalana@example.com,GO,Sales,2025-01-16T22:14:39.826856,2025-10-25T22:14:39.826856
22,Dr. Luiz Fernando Fonseca,camaragustavo@example.org,PR,Fernandes,2025-08-26T23:19:21.400373,2026-03-31T23:19:21.400373
23,Agatha Mendes,enzo-gabriel16@example.net,SP,Mendes,2025-01-19T08:50:14.191369,2025-02-18T08:50:14.191369
24,Lívia Borges,zmartins@example.net,AP,Cavalcante,2026-01-29T12:32:03.405833,2026-09-29T20:38:06.809125
25,Dom Pastor,jrezende@example.net,TO,Ribeiro de Ferreira,2026-03-27T13:34:31.165451,2026-05-29T13:34:31.165451
26,Caroline Almeida,silveiragustavo@example.net,SC,Lopes,2024-12-23T19:31:31.970254,2025-04-16T19:31:31.970254
27,Heitor Alves,otavio48@example.org,SP,da Luz da Prata,2026-03-23T23:15:57.240134,2026-09-29T20:38:06.809471
28,Bento Sousa,maria-cecilia98@example.com,TO,Nascimento,2025-05-16T23:33:57.030398,2026-04-02T23:33:57.030398
29,Allana Macedo,anthonyvasconcelos@example.org,CE,Melo,2024-12-21T13:55:16.906430,2025-10-15T13:55:16.906430
30,Bento Duarte,xviana@example.org,PI,da Cruz,2025-09-03T14:56:24.577986,2025-10-04T14:56:24.577986
31,Carlos Eduardo Montenegro,bnovais@example.org,PB,Pimenta do Galho,2025-01-12T04:59:22.499323,2025-11-03T04:59:22.499323
32,João Guilherme Machado,pmontenegro@example.net,PE,Novais do Oeste,2025-08-27T12:27:21.237931,2026-06-22T12:27:21.237931
33,Oliver Campos,umacedo@example.org,RO,Lima,2026-01-02T15:59:08.705023,2026-07-24T15:59:08.705023
34,Liz Viana,vasconcelosleonardo@example.net,RS,Casa Grande Paulista,2024-11-08T10:43:44.872638,2024-12-03T10:43:44.872638
35,Hellena Souza,goncalvesmariah@example.org,RO,Castro,2026-01-26T03:17:05.671455,2026-05-19T03:17:05.671455
36,Maria Luiza Fernandes,wcosta@example.com,AP,Almeida Alegre,2025-10-21T10:00:15.444411,2025-11-13T10:00:15.444411
37,Allana Gomes,pietra94@example.net,AP,Viana,2025-07-29T23:27:07.095374,2026-05-10T23:27:07.095374
38,Bryan da Luz,bruno24@example.org,TO,Rocha Paulista,2025-02-01T14:50:09.140646,2025-04-10T14:50:09.140646
39,Sophie Oliveira,usampaio@example.org,GO,Sales,2025-05-09T19:45:04.042193,2025-10-04T19:45:04.042193
40,João Felipe Almeida,da-luzenzo@example.net,ES,da Luz,2025-01-07T20:16:46.917729,2025-08-09T20:16:46.917729
41,Alexia Fernandes,nda-mata@example.org,AL,Camargo,2026-01-15T03:30:11.264493,2026-03-29T03:30:11.264493
42,Benicio Cirino,ana-liviapires@example.com,PE,da Rocha,2026-03-14T11:16:17.459665,2026-09-29T20:38:06.810834
43,Emanuelly da Mata,arthur-miguel40@example.org,AC,Moraes,2025-05-31T14:21:39.221802,2025-07-30T14:21:39.221802
44,Bianca Ribeiro,fribeiro@example.net,TO,Montenegro da Mata,2025-06-16T12:42:40.131260,2026-04-04T12:42:40.131260
45,Luigi Costa,jadeferreira@example.org,TO,Albuquerque,2025-10-11T05:38:02.672656,2026-03-17T05:38:02.672656
46,Sra. Marina Castro,barrosgiovanna@example.net,RO,Peixoto de Goiás,2024-11-07T03:11:36.875968,2025-08-20T03:11:36.875968
47,Raul Cirino,vitor-gabrielmachado@example.org,GO,Farias da Prata,2025-10-13T22:38:59.783293,2026-09-27T22:38:59.783293
48,Leonardo Cunha,luiz-otavio05@example.com,AP,da Mota de Montenegro,2025-03-25T15:55:19.874296,2025-06-25T15:55:19.874296
49,Thiago Vasconcelos,borgesvinicius@example.org,BA,Pastor do Norte,2025-09-23T20:25:56.153913,2025-11-14T20:25:56.153913
50,Kevin Pires,enzo-gabrielpacheco@example.net,SP,Ribeiro,2025-05-03T06:20:37.902258,2026-02-24T06:20:37.902258
51,Maria Julia Teixeira,maya24@example.net,RN,Aparecida,2026-01-31T14:22:44.078715,2026-09-29T20:38:06.811769
52,Dra. Mariane Siqueira,sabrinasa@example.net,RJ,Rodrigues,2025-12-25T08:50:39.124551,2026-09-29T20:38:06.811833
53,Dra. Heloísa Barros,aparecidajoao-felipe@example.net,MS,Garcia,2025-08-15T10:07:52.931926,2025-11-19T10:07:52.931926
54,Ana Julia Pires,piressophia@example.net,ES,da Luz de Abreu,2025-12-31T09:01:58.913103,2026-07-09T09:01:58.913103
55,Theodoro Nascimento,ribeirosara@example.org,SC,da Cunha de Barbosa,2025-06-06T18:27:47.974402,2025-07-25T18:27:47.974402
56,Gustavo da Conceição,ymonteiro@example.org,PR,Vargas do Norte,2026-01-06T00:39:07.920032,2026-09-29T20:38:06.812146
57,Fernanda Barbosa,biancada-cunha@example.net,SC,Pinto Verde,2025-09-02T10:57:53.857657,2026-09-01T10:57:53.857657
58,Ana Liz Mendonça,gael-henrique37@example.com,RR,Martins dos Dourados,2024-12-11T12:00:10.955956,2025-01-12T12:00:10.955956
59,Yan Costa,enzo-gabriel70@example.com,PB,Montenegro,2025-06-11T21:57:35.538208,2026-03-26T21:57:35.538208
60,Juliana Gomes,ottobarbosa@example.net,AP,Souza,2026-03-13T20:44:43.230438,2026-04-12T20:44:43.230438
61,Sr. Thomas da Mota,santosemanuella@example.org,PR,Gonçalves de Alves,2025-07-13T13:07:26.934373,2026-05-25T13:07:26.934373
62,Milena Guerra,joao-miguel65@example.com,MT,Farias,2024-12-25T12:59:19.372958,2025-04-09T12:59:19.372958
63,Dr. Dante Costa,sousaamanda@example.com,MS,Gonçalves,2024-09-30T08:00:57.539709,2025-06-11T08:00:57.539709
64,Ana Vitória Fonseca,rsa@example.org,GO,Aragão,2025-05-01T04:08:19.686101,2026-04-14T04:08:19.686101
65,Dom da Cruz,luiza85@example.org,SP,Viana das Pedras,2025-12-30T17:58:20.629145,2026-09-28T17:58:20.629145
66,Maria Liz Novaes,enricoaragao@example.net,PA,Pimenta de Sá,2026-01-26T22:08:23.432559,2026-09-01T22:08:23.432559
67,Ryan Aragão,luigimelo@example.com,MT,da Rosa Paulista,2024-12-14T07:29:16.563772,2026-01-15T07:29:16.563772
68,Joana Guerra,ana-juliamendes@example.net,RO,Campos da Serra,2025-11-08T08:09:39.724221,2026-04-17T08:09:39.724221
69,Gustavo Henrique Montenegro,onovaes@example.com,MT,Lima de Carvalho,2025-09-16T19:55:48.419829,2026-05-12T19:55:48.419829
70,Caleb Cavalcanti,fernando53@example.com,GO,Almeida,2025-07-26T13:03:40.937714,2026-05-21T13:03:40.937714
71,Maria Isis Jesus,fernandada-mata@example.com,SP,Monteiro,2025-11-14T03:53:31.862088,2026-07-04T03:53:31.862088
72,Sr. Theodoro Moura,franciscoda-mata@example.org,MG,Ramos dos Dourados,2025-02-28T10:44:36.887154,2025-09-01T10:44:36.887154
73,Antônio Cardoso,limamaria-julia@example.net,PR,Barbosa,2025-05-24T00:12:59.544235,2025-10-24T00:12:59.544235
74,Nina Machado,henriquecamara@example.org,BA,Silveira,2025-05-01T22:01:28.525884,2025-09-05T22:01:28.525884
75,Antonella Novaes,abreujose@example.org,RJ,Ramos,2025-10-18T12:02:34.320360,2026-01-18T12:02:34.320360
76,José Moura,wsampaio@example.org,AM,da Rosa,2025-10-26T04:23:34.883250,2026-09-29T20:38:06.813442
77,Evelyn Gomes,pietro90@example.org,PI,Marques Paulista,2025-07-13T18:00:10.018808,2026-08-16T18:00:10.018808
78,Isabelly Melo,agathada-cruz@example.org,PA,Araújo do Sul,2026-03-08T20:10:22.540844,2026-07-10T20:10:22.540844
79,Mariah Barros,rafael65@example.org,PR,Sampaio,2025-01-13T17:55:55.528991,2025-02-23T17:55:55.528991
80,Maria Cecília Rodrigues,acosta@example.com,SC,Costela,2025-04-02T14:50:41.005139,2026-01-21T14:50:41.005139
81,Leonardo Vargas,ravimartins@example.org,GO,Caldeira do Amparo,2025-06-28T00:01:40.208533,2025-11-28T00:01:40.208533
82,Ryan Leão,peixotojoao-vitor@example.com,AL,Alves,2025-08-29T16:32:32.260783,2026-05-24T16:32:32.260783
83,Oliver Aragão,cirinoisabel@example.com,RR,Siqueira do Campo,2026-03-17T03:48:07.935700,2026-09-29T20:38:06.813830
84,Lucas Correia,sabrinasouza@example.com,AL,Rios das Flores,2026-03-29T23:40:09.734392,2026-09-20T23:40:09.734392
85,Dr. Enzo Gabriel Caldeira,barrosalana@example.org,MS,Campos da Prata,2026-01-02T04:30:27.846947,2026-09-29T20:38:06.813942
86,Mateus Fogaça,luana10@example.net,PR,Freitas,2026-03-11T18:17:03.586815,2026-09-29T20:38:06.813993
87,Evelyn Duarte,maria-julia06@example.org,SE,Aparecida das Flores,2025-07-23T02:47:06.070664,2025-12-17T02:47:06.070664
88,Bento da Cunha,davi-lucaspereira@example.com,MS,Farias do Norte,2024-10-18T11:29:11.115467,2025-08-25T11:29:11.115467
89,Dra. Luiza da Mota,andre91@example.org,TO,Caldeira,2025-02-20T00:57:20.472450,2025-03-29T00:57:20.472450
90,Maria Isis Vieira,lorena72@example.com,CE,Sousa,2025-06-16T18:20:43.106622,2025-08-15T18:20:43.106622
91,Srta. Isabela Duarte,maria-clara59@example.org,PE,Gonçalves,2025-03-14T14:01:11.360053,2025-12-01T14:01:11.360053
92,Nicolas Azevedo,mendesyasmin@example.com,CE,Caldeira de Minas,2025-11-15T22:20:40.453064,2026-06-17T22:20:40.453064
93,Gustavo Henrique Brito,tmonteiro@example.com,CE,Carvalho,2025-02-21T12:42:40.661046,2025-05-16T12:42:40.661046
94,Isabela Souza,vasconcelosana-beatriz@example.com,GO,Freitas Paulista,2025-05-15T19:00:10.133451,2026-06-06T19:00:10.133451
95,Pedro Lucas da Cruz,samuelda-costa@example.org,MA,Duarte,2025-11-07T19:28:09.353050,2026-05-01T19:28:09.353050
96,Joaquim Montenegro,guilhermerezende@example.com,AL,Abreu,2024-11-03T21:21:22.483858,2025-01-19T21:21:22.483858
97,Pietro Freitas,da-rocharavi-lucca@example.org,AL,Peixoto,2025-06-16T12:44:20.533706,2026-02-21T12:44:20.533706
98,Evelyn Barbosa,olivia27@example.net,GO,Caldeira,2026-03-16T12:37:08.383509,2026-09-29T20:38:06.814726
99,Dra. Marcela Cunha,freitascarolina@example.org,AL,da Cunha,2025-09-13T16:20:28.902244,2025-10-03T16:20:28.902244
100,Dra. Gabrielly Albuquerque,julia52@example.net,MA,Costela,2024-10-20T07:57:29.237422,2025-09-27T07:57:29.237422
101,Rafaela Azevedo,ybrito@example.com,RO,Porto,2024-10-16T14:56:00.032507,2024-11-24T14:56:00.032507
102,Elisa Gonçalves,julia44@example.com,AL,Souza Verde,2025-07-18T23:43:59.022309,2026-08-13T23:43:59.022309
103,Maria Vitória Almeida,matteo66@example.org,AC,Castro das Pedras,2026-01-26T14:37:17.932386,2026-09-29T20:38:06.815001
104,Nathan Oliveira,maria-clara22@example.org,AL,Ramos,2024-11-30T14:16:29.177705,2025-09-19T14:16:29.177705
105,Aurora Oliveira,mirella22@example.com,MA,Moreira,2025-12-15T07:00:39.910273,2026-05-24T07:00:39.910273
106,Cauê Gomes,zsa@example.org,MA,Aparecida,2025-01-01T12:16:13.356359,2025-06-24T12:16:13.356359
107,Luara Aragão,tborges@example.net,RR,Porto,2026-03-17T22:34:01.680115,2026-09-29T20:38:06.815226
108,Nathan Pimenta,maria-juliacirino@example.net,DF,Guerra,2025-12-03T23:32:18.701819,2026-05-31T23:32:18.701819
109,Matheus Fogaça,cassianothales@example.net,TO,Aparecida,2026-02-25T16:00:40.099384,2026-09-29T20:38:06.815354
110,Ana Carolina Rios,isaac69@example.com,PI,Rezende das Pedras,2026-01-26T16:49:34.618314,2026-09-29T20:38:06.815414
111,Otávio Gomes,maite87@example.org,AC,Pinto,2025-03-17T06:25:06.106720,2026-01-07T06:25:06.106720
112,Isabela Machado,zcavalcanti@example.com,MG,Azevedo,2026-03-23T17:51:00.549540,2026-09-29T20:38:06.815514
113,Maria Clara Borges,gmontenegro@example.net,AL,Porto,2024-12-08T18:26:36.296863,2025-01-12T18:26:36.296863
114,Sra. Sophia Barros,samirella@example.com,RS,Alves,2024-12-09T18:18:49.265415,2025-01-25T18:18:49.265415
115,Brenda Correia,marianeda-paz@example.org,RO,Azevedo,2026-01-12T00:28:41.936260,2026-05-30T00:28:41.936260
116,Isis Castro,yan72@example.com,PE,Costela de Pastor,2025-12-29T20:24:21.038190,2026-08-28T20:24:21.038190
117,Isabela Dias,brayan32@example.com,CE,Rocha Alegre,2025-02-20T10:05:53.386456,2026-02-11T10:05:53.386456
118,João Camargo,portoeloah@example.com,PI,da Cunha,2026-02-02T00:43:42.747634,2026-09-29T20:38:06.815880
119,Maria Júlia Sousa,vinicius65@example.net,BA,Farias de Minas,2026-03-27T11:30:02.779873,2026-04-29T11:30:02.779873
120,Benicio da Rocha,ana-luiza95@example.net,AC,Câmara,2025-05-29T17:34:42.166202,2025-06-29T17:34:42.166202
121,Marina Leão,calebe27@example.org,RN,Almeida,2024-12-20T05:25:00.805035,2025-12-29T05:25:00.805035
122,Maria da Rosa,moreiraeduarda@example.net,ES,Pacheco da Mata,2024-10-29T04:26:23.721913,2025-10-23T04:26:23.721913
123,Luiz Otávio Pinto,icastro@example.org,SE,Santos,2025-08-18T04:16:56.254928,2026-01-23T04:16:56.254928
124,Benício Porto,vitor-hugoguerra@example.com,AC,Ramos,2024-12-20T04:44:14.268025,2025-11-16T04:44:14.268025
125,Dr. Valentim Siqueira,kda-cruz@example.org,AL,Nascimento,2025-12-23T04:32:59.027247,2026-09-29T20:38:06.816279
126,Isaac Castro,vasconcelosgustavo-henrique@example.org,RN,Casa Grande,2024-10-13T04:51:11.306639,2025-09-26T04:51:11.306639
127,Sofia Ramos,lpimenta@example.net,MA,da Rosa,2025-05-13T18:50:20.079388,2025-12-27T18:50:20.079388
128,Sra. Zoe Abreu,vlopes@example.com,AP,Cavalcanti de Câmara,2025-09-07T09:11:24.606736,2026-01-30T09:11:24.606736
129,Igor Ramos,camposbruna@example.net,RR,Silva do Norte,2026-03-29T11:34:45.354773,2026-09-29T20:38:06.816512
130,Maya Rodrigues,ana-carolina31@example.net,AC,da Luz,2025-02-22T03:07:47.881392,2025-09-07T03:07:47.881392
131,Srta. Eduarda Souza,matheus65@example.net,ES,Pires da Prata,2026-02-07T02:53:38.674407,2026-09-29T20:38:06.816621
132,Alana Alves,osilveira@example.net,MA,Gonçalves,2025-06-13T15:26:07.826885,2025-12-07T15:26:07.826885
133,Enzo Gabriel Casa Grande,alveshenry-gabriel@example.org,RN,Ferreira,2025-09-05T13:14:33.872232,2025-09-16T13:14:33.872232
134,Srta. Ana Aparecida,bryansampaio@example.org,SC,Azevedo,2026-03-18T23:02:51.681566,2026-09-29T20:38:06.816853
135,Sr. Vitor Rios,sahadassa@example.org,ES,Costela,2026-01-11T16:57:14.988155,2026-07-11T16:57:14.988155
136,Caio Sá,maria-liz12@example.org,SE,da Rocha,2024-11-29T17:37:59.974837,2025-02-23T17:37:59.974837
137,Joana Almeida,theo40@example.net,SP,Duarte do Galho,2025-03-23T06:07:23.416278,2026-01-29T06:07:23.416278
138,Arthur Viana,balves@example.net,SP,Ferreira,2025-06-17T06:05:55.181474,2025-08-15T06:05:55.181474
139,Vitor Gabriel Nunes,fernandooliveira@example.com,CE,Abreu do Galho,2025-06-13T08:11:08.443397,2026-02-20T08:11:08.443397
140,André Ferreira,fbrito@example.net,SE,Monteiro,2025-01-18T02:05:15.295109,2025-02-17T02:05:15.295109
141,Joana Oliveira,alicecunha@example.net,ES,Cavalcante de Camargo,2025-08-20T01:49:38.653384,2025-12-09T01:49:38.653384
142,Samuel Viana,piresbeatriz@example.com,AM,Gonçalves de Minas,2026-02-25T18:08:42.430420,2026-09-29T20:38:06.817279
143,Amanda Freitas,ana-juliada-luz@example.com,PI,Garcia,2025-05-18T16:33:48.431722,2025-10-12T16:33:48.431722
144,Isabel Marques,sophiapeixoto@example.net,SP,Ferreira,2026-03-21T16:49:36.505759,2026-05-26T16:49:36.505759
145,Daniela Machado,lucca77@example.net,SP,Pacheco de Goiás,2025-08-14T01:30:39.809541,2026-08-27T01:30:39.809541
146,Isabela Montenegro,vitorda-rosa@example.net,TO,Silveira,2024-12-07T10:53:46.522819,2025-04-12T10:53:46.522819
147,Luan Pereira,lorenzo35@example.org,GO,Cavalcante,2024-12-23T20:29:22.008007,2025-07-14T20:29:22.008007
148,Gael Henrique Gomes,juanvieira@example.com,SC,Lopes Paulista,2026-03-10T17:29:16.754763,2026-09-26T17:29:16.754763
149,Bianca da Mota,hellenamartins@example.org,AC,Vieira das Pedras,2025-01-14T21:13:47.246338,2025-09-25T21:13:47.246338
150,Laís Martins,casa-grandetheo@example.net,SC,Abreu de Goiás,2025-10-14T08:33:49.122243,2025-11-24T08:33:49.122243
151,Mariah da Conceição,luiz-miguelramos@example.org,PB,Dias Paulista,2026-02-08T22:18:37.621078,2026-05-04T22:18:37.621078
152,Otto da Cruz,tsilva@example.net,CE,Lima do Amparo,2025-09-08T15:36:36.699843,2026-04-25T15:36:36.699843
153,Maria Luísa Moreira,beatrizvasconcelos@example.org,MG,Caldeira de Andrade,2025-06-05T19:23:44.619483,2025-12-27T19:23:44.619483
154,Enrico Silva,rafaelaferreira@example.org,RJ,Nogueira de Costela,2025-02-14T00:57:36.429672,2025-11-22T00:57:36.429672
155,Allana Porto,rebeca56@example.net,PB,Rodrigues,2025-10-27T10:18:16.800253,2026-03-18T10:18:16.800253
156,Camila Siqueira,daniel44@example.com,MG,Albuquerque,2025-01-08T02:18:39.011681,2025-03-19T02:18:39.011681
157,Maria Pacheco,henrique34@example.net,MG,Gonçalves,2024-11-09T13:52:31.466301,2025-06-17T13:52:31.466301
158,Davi Lucca Vasconcelos,portomatheus@example.com,RS,Casa Grande,2025-06-09T14:25:41.570750,2026-03-17T14:25:41.570750
159,Maria Sophia Martins,agatha27@example.com,SE,da Mata,2025-04-10T21:09:51.581670,2025-08-30T21:09:51.581670
160,Isis Lima,maria-luisaabreu@example.net,SE,Fogaça de Goiás,2025-10-20T06:04:53.804915,2026-09-29T20:38:06.818252
161,Dr. Ryan Lima,ribeiroeloa@example.org,MA,Araújo de Minas,2025-09-22T23:11:29.210634,2026-04-22T23:11:29.210634
162,Sr. Vinícius Ferreira,ribeiroantonio@example.org,AP,da Cunha do Campo,2025-12-27T00:51:33.856249,2026-06-28T00:51:33.856249
163,Francisco Vasconcelos,yferreira@example.org,DF,Vieira da Prata,2025-08-12T08:49:19.841113,2026-07-27T08:49:19.841113
164,Dra. Ayla Rios,miguel73@example.net,AP,Rios de Camargo,2024-12-30T09:20:32.886070,2025-07-12T09:20:32.886070
165,Otto da Conceição,maria-juliamonteiro@example.net,AL,Martins de Casa Grande,2025-07-30T12:46:52.093676,2025-11-25T12:46:52.093676
166,Theo Cavalcante,castroaurora@example.com,RR,Rios de da Rocha,2025-10-18T04:23:16.226631,2026-01-03T04:23:16.226631
167,Dr. Otto Rocha,cirinoeloah@example.net,RS,Almeida,2026-01-02T23:25:50.126339,2026-02-13T23:25:50.126339
168,Luísa Brito,wmendonca@example.org,AL,Silva,2025-08-29T10:58:47.253034,2025-11-27T10:58:47.253034
169,Lucca Brito,carolina78@example.net,SP,da Paz,2025-05-15T02:34:33.954684,2025-07-31T02:34:33.954684
170,Isis Novaes,da-rochaana@example.com,TO,Guerra de Farias,2025-05-25T20:18:35.832418,2025-09-20T20:18:35.832418
171,Thiago Ferreira,marinavieira@example.org,MT,Dias,2025-07-02T09:56:26.063921,2026-06-04T09:56:26.063921
172,Caio Viana,guerrajade@example.net,RJ,Guerra,2025-10-25T04:11:13.333924,2026-02-21T04:11:13.333924
173,Augusto Correia,xpereira@example.net,AL,Pimenta Grande,2025-03-12T23:46:17.564876,2025-03-18T23:46:17.564876
174,Dra. Antonella Cunha,riosmaria-cecilia@example.net,SP,Brito,2025-09-07T20:22:28.149705,2026-05-13T20:22:28.149705
175,Otto Vasconcelos,rezendeapollo@example.com,TO,Viana,2025-09-28T00:24:13.000095,2026-07-26T00:24:13.000095
176,Sra. Liz Cirino,uandrade@example.org,PA,Monteiro,2025-03-17T21:20:07.343256,2025-06-18T21:20:07.343256
177,Dante Vasconcelos,soliveira@example.com,PB,Albuquerque,2025-08-06T08:25:38.242166,2025-12-18T08:25:38.242166
178,Daniela Melo,gnovaes@example.org,RS,Cunha de Cassiano,2025-10-06T23:19:57.056025,2026-02-27T23:19:57.056025
179,Alana Albuquerque,borgespedro-henrique@example.org,BA,Almeida de da Mota,2025-09-07T21:26:09.837896,2025-09-09T21:26:09.837896
180,Rael Siqueira,carlos-eduardofonseca@example.net,RR,Siqueira,2025-10-28T13:19:45.253116,2026-01-10T13:19:45.253116
181,Theo Marques,caua00@example.org,AC,Gomes,2025-11-19T11:20:19.807103,2026-06-21T11:20:19.807103
182,Dra. Eloah Mendonça,diasemilly@example.net,SC,Melo de Rocha,2025-03-18T19:54:42.058184,2025-12-16T19:54:42.058184
183,Luiz Miguel Ramos,laramendes@example.com,SP,da Mata de Viana,2024-12-29T14:22:19.397088,2025-07-06T14:22:19.397088
184,Dr. João Lucas Araújo,arthur29@example.com,RJ,da Cruz das Flores,2025-11-16T23:07:21.430969,2026-09-24T23:07:21.430969
185,Isabel Machado,alexandre54@example.com,PA,Pastor,2025-04-29T15:15:32.729079,2026-02-12T15:15:32.729079
186,João Pedro Casa Grande,yannovaes@example.net,SP,Ferreira de Nascimento,2026-02-15T19:54:46.741381,2026-07-28T19:54:46.741381
187,Raquel Garcia,ravi-luccadas-neves@example.net,AL,Martins do Oeste,2024-11-14T23:47:21.331186,2025-01-17T23:47:21.331186
188,Alexia Vieira,imarques@example.org,PI,Vargas de Minas,2026-02-18T18:57:53.369023,2026-09-29T20:38:06.819737
189,Stephany da Luz,maria-liz89@example.org,DF,Correia,2025-02-03T23:33:02.731401,2025-10-24T23:33:02.731401
190,Sra. Maria Cecília Oliveira,isis82@example.org,AL,Freitas de Caldeira,2024-11-18T21:29:15.393722,2025-09-30T21:29:15.393722
191,Anna Liz Cassiano,bento54@example.net,RN,Brito,2025-04-21T00:56:24.554353,2026-03-22T00:56:24.554353
192,Raquel Pastor,vicentevasconcelos@example.com,PA,Machado,2024-10-17T18:42:53.148124,2025-09-28T18:42:53.148124
193,Caroline da Cunha,fernandesmurilo@example.org,MG,Alves,2025-11-23T19:14:12.477569,2026-09-29T20:38:06.819979
194,Maria Eduarda Santos,emendonca@example.net,RS,Campos de Minas,2024-10-27T07:47:06.743771,2024-11-23T07:47:06.743771
195,Isabel Ramos,riosnatalia@example.com,CE,Castro de Freitas,2025-02-17T07:28:46.778973,2025-10-08T07:28:46.778973
196,Srta. Emanuella Andrade,clarice08@example.org,TO,da Luz,2026-03-12T13:58:30.059765,2026-09-29T20:38:06.820132
197,Dra. Rafaela Araújo,casa-grandeanna-liz@example.org,DF,Pastor Verde,2025-12-04T06:44:27.320871,2026-09-29T20:38:06.820187
198,Bella Melo,esther46@example.org,MS,Garcia de Cavalcante,2025-05-29T04:24:28.670251,2026-03-11T04:24:28.670251
199,Anthony Gabriel Martins,brayancastro@example.org,AP,Souza Grande,2025-05-29T05:47:04.461269,2025-12-15T05:47:04.461269
200,Matheus Almeida,machadocamila@example.com,TO,Mendes,2025-11-29T20:46:06.276848,2026-06-20T20:46:06.276848
201,Sr. Lucas Câmara,cirinomarcela@example.net,BA,Cassiano de da Mata,2024-12-01T17:30:42.619430,2025-06-23T17:30:42.619430
202,Eduardo Alves,ana-carolina52@example.com,PR,Dias,2025-05-16T13:42:31.400325,2025-12-03T13:42:31.400325
203,Bruna Cassiano,piresotavio@example.net,PR,Campos Paulista,2025-06-06T08:25:03.509152,2025-07-29T08:25:03.509152
204,Dr. José Pedro da Costa,gaelgomes@example.com,PA,Araújo,2025-11-17T00:11:19.448468,2026-07-21T00:11:19.448468
205,Diego Porto,macedonatalia@example.com,PE,Macedo,2025-12-29T11:01:50.104215,2026-09-29T20:38:06.820632
206,Laura Cirino,luara06@example.org,GO,Carvalho,2024-09-30T10:24:17.465453,2025-04-23T10:24:17.465453
207,Heloísa Silva,matteopeixoto@example.org,TO,Pereira,2026-01-04T12:19:35.779167,2026-02-04T12:19:35.779167
208,Erick Costela,matheuspacheco@example.com,DF,Azevedo,2025-11-03T20:32:39.314939,2026-02-08T20:32:39.314939
209,Maria Luísa Silveira,moreiracecilia@example.com,MA,Borges de Albuquerque,2025-10-13T16:49:48.336794,2025-11-16T16:49:48.336794
210,Catarina Rios,theo29@example.com,AL,Sampaio,2025-05-11T18:41:11.285876,2025-08-25T18:41:11.285876
211,Alana Fogaça,emoreira@example.org,MS,Duarte,2025-04-20T18:19:30.107679,2025-12-01T18:19:30.107679
212,Ana Liz da Rocha,siqueiramaya@example.com,PE,Moura,2025-11-30T07:24:37.990926,2026-02-21T07:24:37.990926
213,Antônio da Cruz,camaraluiz-otavio@example.org,AM,da Cunha da Prata,2025-12-14T05:09:17.764109,2026-02-08T05:09:17.764109
214,Antony Brito,vicentealmeida@example.net,RS,Moreira de da Costa,2025-12-21T03:32:08.493100,2026-06-13T03:32:08.493100
215,Luiz Fernando Brito,calebda-mata@example.org,PB,Pacheco de Montenegro,2025-10-19T09:37:55.212497,2026-08-22T09:37:55.212497
216,Davi Campos,icarvalho@example.net,ES,Casa Grande,2025-11-20T15:46:53.125814,2025-12-16T15:46:53.125814
217,Maria Laura Cavalcante,portoheloisa@example.net,PA,Gonçalves,2025-09-30T20:12:35.504972,2025-11-21T20:12:35.504972
218,Luiz Miguel Fernandes,vda-costa@example.net,PA,Guerra da Prata,2026-03-15T04:05:29.157869,2026-03-15T04:05:29.157869
219,Clara Rodrigues,theo60@example.com,AM,Azevedo,2024-10-28T17:23:41.754392,2025-08-14T17:23:41.754392
220,Thiago Rios,camarajoao-lucas@example.com,MG,Porto de Aparecida,2025-03-26T02:39:29.132426,2025-06-11T02:39:29.132426
221,Arthur Gabriel Ramos,yago80@example.net,AM,Campos do Galho,2025-12-16T19:50:19.124558,2026-09-16T19:50:19.124558
222,Asafe da Paz,das-nevescecilia@example.net,CE,Araújo,2024-10-06T20:51:12.146969,2024-11-26T20:51:12.146969
223,Juliana Barros,ipastor@example.org,PB,Moraes,2025-08-21T00:38:07.898467,2026-02-23T00:38:07.898467
224,Nicolas Oliveira,yan31@example.net,PI,Marques Verde,2024-12-10T08:45:28.476997,2025-10-20T08:45:28.476997
225,Gabriela Novaes,maria-clara84@example.net,PR,das Neves de Alves,2025-01-28T19:35:47.865899,2025-02-10T19:35:47.865899
226,Gabriel Moraes,zpacheco@example.org,MS,da Costa,2025-02-09T03:00:46.472045,2025-03-17T03:00:46.472045
227,Dr. João Gabriel da Paz,ana-carolinaaraujo@example.org,CE,Pereira,2025-03-25T21:25:38.943067,2025-07-09T21:25:38.943067
228,Ana Liz Moreira,wmacedo@example.net,SP,Moreira,2026-01-19T19:15:36.628062,2026-09-29T20:38:06.822447
229,Daniela Leão,clarice23@example.net,RN,Moreira do Campo,2025-01-30T18:17:45.566742,2025-08-10T18:17:45.566742
230,Sra. Juliana Viana,juliacaldeira@example.org,PA,Monteiro,2025-11-08T04:39:51.591092,2026-01-23T04:39:51.591092
231,Clarice Leão,henry67@example.net,PB,Silveira da Praia,2025-05-05T04:34:00.801197,2026-03-25T04:34:00.801197
232,Valentina Novais,uramos@example.org,SE,Garcia de Macedo,2025-03-08T21:18:08.982828,2025-07-15T21:18:08.982828
233,Liz Casa Grande,yoliveira@example.net,ES,Farias,2025-03-12T18:43:33.681420,2025-09-05T18:43:33.681420
234,Isabelly Duarte,leticiaalbuquerque@example.org,AL,Nunes do Amparo,2025-03-25T20:18:06.477247,2026-01-27T20:18:06.477247
235,Luana Nascimento,hmoreira@example.net,RO,Gomes dos Dourados,2025-03-12T16:02:44.429936,2025-09-14T16:02:44.429936
236,Marcela Machado,rochadavi-luiz@example.net,ES,Jesus,2025-04-13T09:24:01.866063,2025-12-11T09:24:01.866063
237,Daniela Correia,zmendonca@example.com,SP,Sales do Galho,2025-04-22T13:04:10.083606,2025-06-23T13:04:10.083606
238,Enzo Gabriel Fonseca,emanuelly14@example.net,CE,Rezende,2025-11-12T09:56:24.436033,2026-01-10T09:56:24.436033
239,Sra. Sophia Leão,sabrinada-rocha@example.net,DF,Jesus,2026-02-01T12:51:57.388496,2026-09-29T20:38:06.823120
240,Bianca Fogaça,salesjuliana@example.org,SE,das Neves,2025-01-07T07:59:42.567219,2025-09-02T07:59:42.567219
241,Alana da Rosa,lbrito@example.org,RO,Costa,2025-10-23T18:44:29.047760,2026-06-25T18:44:29.047760
242,Juliana Ramos,migueljesus@example.net,AM,Castro,2025-01-03T09:06:03.360405,2025-09-07T09:06:03.360405
243,Bianca Alves,barbosaluigi@example.net,PR,Pimenta de Lopes,2025-07-10T10:55:39.498728,2025-12-16T10:55:39.498728
244,Anthony Gabriel Rodrigues,joao-pedro35@example.com,CE,da Mata,2025-12-15T08:44:41.224553,2026-01-27T08:44:41.224553
245,Ana Luiza Ferreira,manuellapinto@example.com,AC,Câmara,2025-09-08T21:09:02.784977,2025-11-20T21:09:02.784977
246,Ana Clara Macedo,pintorhavi@example.org,ES,Castro,2026-01-30T08:39:04.904907,2026-03-23T08:39:04.904907
247,Levi Abreu,ada-rosa@example.net,GO,Azevedo de da Cruz,2026-02-21T10:24:30.529339,2026-09-29T20:38:06.909003
248,Hellena Jesus,isabelly70@example.org,AP,Cavalcante,2025-10-05T12:04:25.914454,2026-03-29T12:04:25.914454
249,André da Rocha,xnovais@example.org,MT,Farias das Flores,2025-04-13T18:23:44.779671,2026-04-27T18:23:44.779671
250,Otávio Ferreira,hellenacorreia@example.com,MA,da Costa das Pedras,2025-09-21T06:08:52.663507,2026-02-03T06:08:52.663507
251,Amanda Fernandes,rodrigosantos@example.org,AP,da Mata,2024-10-18T12:17:40.083663,2025-06-20T12:17:40.083663
252,Pedro Miguel Martins,liamfreitas@example.com,DF,Garcia Verde,2025-07-24T22:40:21.088838,2026-07-13T22:40:21.088838
253,Sofia Costela,marcelarocha@example.org,RR,Peixoto dos Dourados,2025-01-21T09:18:23.573358,2025-04-13T09:18:23.573358
254,Sr. Nathan Pereira,josesa@example.org,RO,Nogueira,2025-08-17T08:11:21.908237,2026-05-08T08:11:21.908237
255,Sra. Ana Ribeiro,ana-liviaalbuquerque@example.com,RR,Sales,2026-01-09T03:55:40.593464,2026-01-20T03:55:40.593464
256,Lorenzo Correia,azevedoeloa@example.net,SP,Correia de Minas,2025-01-04T09:28:11.257470,2025-04-19T09:28:11.257470
257,Henry Gabriel da Paz,isabellyda-paz@example.com,MG,Vasconcelos de Pires,2025-10-28T05:00:53.546937,2026-07-25T05:00:53.546937
258,João Guilherme Cavalcanti,fonsecaclara@example.com,AC,da Cruz de Guerra,2026-01-26T02:16:28.759338,2026-07-30T02:16:28.759338
259,Beatriz Cirino,ian49@example.net,ES,Guerra,2025-04-10T07:46:26.439260,2025-06-24T07:46:26.439260
260,Pedro Costa,leonardo60@example.net,MA,Nunes,2024-10-21T07:08:14.442862,2025-10-09T07:08:14.442862
261,Sara Silva,luara95@example.org,AM,Aparecida Verde,2026-01-02T08:57:27.761652,2026-09-29T20:38:06.909983
262,Joaquim Rodrigues,andradeantonella@example.org,SP,Souza de Minas,2025-08-28T04:53:16.940131,2025-09-10T04:53:16.940131
263,Sra. Hellena da Mota,ferreiralais@example.com,MT,Moraes de Aragão,2025-05-16T00:12:23.093074,2026-06-08T00:12:23.093074
264,Paulo Rocha,marianateixeira@example.org,AL,Cavalcanti da Prata,2025-10-05T02:57:03.610873,2026-07-02T02:57:03.610873
265,Isabela Nogueira,theo02@example.com,MS,Borges do Oeste,2024-12-28T01:53:24.959476,2025-05-29T01:53:24.959476
266,Davi Luiz Rodrigues,erios@example.org,RR,Abreu,2025-09-13T03:49:22.240543,2026-08-08T03:49:22.240543
267,Catarina Ramos,ana-clara22@example.net,RJ,Farias,2025-07-08T18:55:05.811870,2025-08-23T18:55:05.811870
268,Yan Lima,leonardopeixoto@example.com,TO,Costela do Campo,2025-09-09T06:24:05.773489,2026-08-31T06:24:05.773489
269,Luiz Miguel Mendonça,caioaraujo@example.com,MA,Camargo,2025-10-12T13:02:58.736564,2026-02-22T13:02:58.736564
270,Brenda Castro,livia79@example.com,MA,Novais,2025-10-18T20:11:53.674601,2026-07-10T20:11:53.674601
271,Ravi Lucca Sá,vbarros@example.net,MT,Caldeira do Amparo,2024-11-07T17:36:02.970147,2025-05-13T17:36:02.970147
272,Esther Viana,antony51@example.net,MA,Rezende de Goiás,2026-03-07T15:08:51.950206,2026-05-31T15:08:51.950206
273,Srta. Amanda Vasconcelos,scasa-grande@example.com,CE,Caldeira,2024-11-11T04:48:01.627523,2025-05-12T04:48:01.627523
274,Luan Garcia,eduardadias@example.org,MS,Novaes,2025-12-03T07:38:39.549592,2026-09-29T20:38:06.910768
275,Isaque Araújo,caldeiraisis@example.org,DF,Lima de Monteiro,2026-02-15T08:17:33.928320,2026-06-09T08:17:33.928320
276,Bruno Casa Grande,luancarvalho@example.com,RS,Borges do Norte,2025-11-03T19:22:21.855638,2026-08-02T19:22:21.855638
277,Esther Cunha,andre09@example.net,PA,da Paz,2026-01-08T12:18:09.816321,2026-09-29T20:38:06.910922
278,Théo Santos,efernandes@example.com,AC,Silveira,2024-11-07T19:54:49.576920,2025-12-10T19:54:49.576920
279,André Macedo,matteo71@example.net,MT,Lima de Nascimento,2024-12-28T11:59:51.478785,2025-09-11T11:59:51.478785
280,Murilo Pereira,araujobianca@example.net,RO,Nunes Verde,2026-02-09T07:33:05.355821,2026-07-27T07:33:05.355821
281,Dr. Davi Miguel da Rosa,sofia03@example.org,RO,Sales de Barros,2025-05-18T03:34:28.396499,2026-04-08T03:34:28.396499
282,Maria Fernanda Novais,hfonseca@example.org,RJ,Gonçalves de da Luz,2024-12-18T21:14:24.825887,2025-04-11T21:14:24.825887
283,Guilherme Novaes,camarathiago@example.net,AM,Moura,2024-11-30T23:40:06.702496,2025-10-09T23:40:06.702496
284,Sra. Heloísa Novaes,icamara@example.net,RR,Sousa,2025-10-01T15:27:11.798601,2026-09-29T20:38:06.911495
285,Anna Liz Jesus,macedojoao-felipe@example.net,PI,Pires,2025-07-07T14:01:24.045758,2025-10-14T14:01:24.045758
286,Dra. Bella Marques,knogueira@example.org,RJ,Vasconcelos de Borges,2026-03-26T05:17:31.570556,2026-07-26T05:17:31.570556
287,Ana Laura Guerra,calebefreitas@example.org,AC,Marques,2024-12-13T08:12:30.061805,2025-07-06T08:12:30.061805
288,Srta. Mariane Borges,iansiqueira@example.com,CE,Souza Alegre,2025-03-12T17:30:22.771600,2026-03-25T17:30:22.771600
289,Dra. Alexia da Cunha,da-costaesther@example.net,SC,Silveira do Amparo,2025-12-13T23:59:43.346292,2026-04-08T23:59:43.346292
290,Maria Brito,isis59@example.org,AL,da Cunha,2024-10-23T05:14:05.578387,2025-02-02T05:14:05.578387
291,Sra. Alícia Pacheco,ycamargo@example.org,PR,Barbosa,2025-04-11T13:14:28.022848,2026-01-01T13:14:28.022848
292,Dom Novaes,gabrielly29@example.com,PI,Macedo do Sul,2025-12-12T03:03:27.117411,2026-08-21T03:03:27.117411
293,Ryan Montenegro,zandrade@example.org,AP,Pinto,2024-10-12T22:42:36.704175,2025-04-12T22:42:36.704175
294,Maria Júlia Melo,manuelagoncalves@example.org,RN,Fonseca,2025-12-21T18:35:05.824104,2026-09-29T20:38:06.912246
295,Leonardo Cardoso,cunhalucca@example.com,SC,Farias de Oliveira,2025-03-28T19:23:20.133232,2025-04-11T19:23:20.133232
296,Dr. André Farias,ofarias@example.org,ES,Pereira de Aparecida,2025-06-13T01:07:57.870295,2025-06-27T01:07:57.870295
297,Dra. Cecília da Mata,eda-mata@example.net,GO,Nunes Verde,2025-09-10T01:46:15.918567,2026-01-31T01:46:15.918567
298,Arthur Gabriel Novais,costaleticia@example.net,RJ,Fonseca,2025-07-15T18:49:01.331353,2026-03-13T18:49:01.331353
299,Diego Rodrigues,da-rosacarolina@example.net,MS,Ferreira,2025-12-07T07:27:13.333027,2026-04-18T07:27:13.333027
300,Sra. Lívia Araújo,ayla78@example.com,ES,Ferreira,2026-01-20T16:09:23.450281,2026-04-29T16:09:23.450281
301,André Rios,cguerra@example.com,RJ,Cavalcante Verde,2024-12-21T00:25:17.533767,2025-12-10T00:25:17.533767
302,Leandro da Cunha,diogo39@example.org,RJ,da Rosa,2024-11-04T17:21:40.990010,2025-09-09T17:21:40.990010
303,Maria Alice Vasconcelos,esilveira@example.com,MT,da Mota,2025-08-13T11:02:14.716401,2026-02-05T11:02:14.716401
304,Alícia Teixeira,vitor-gabrielda-costa@example.net,AC,Aragão,2026-02-03T07:13:03.954653,2026-09-19T07:13:03.954653
305,João Miguel Montenegro,costarodrigo@example.net,AL,Peixoto,2025-05-06T07:55:23.058985,2026-05-11T07:55:23.058985
306,Luigi Silveira,anthonycorreia@example.com,PI,Porto,2024-10-26T00:16:10.928570,2025-04-22T00:16:10.928570
307,Heitor Duarte,benjamim76@example.net,RO,Cavalcanti do Norte,2025-03-25T07:32:12.410273,2025-09-27T07:32:12.410273
308,Caio Pires,maya96@example.com,PB,Alves,2026-01-15T10:28:20.590487,2026-02-25T10:28:20.590487
309,Luara Araújo,tpimenta@example.net,TO,Castro de Minas,2026-02-18T09:37:38.834246,2026-06-10T09:37:38.834246
310,Diego Moura,fogacaeloa@example.com,MS,Ribeiro,2024-10-09T13:44:31.277833,2024-11-30T13:44:31.277833
311,Luísa da Conceição,maria-liz04@example.net,SP,Novais de da Mota,2026-03-21T03:27:04.089830,2026-07-15T03:27:04.089830
312,Kamilly Cardoso,antony87@example.org,RS,Cassiano de Goiás,2025-04-15T09:18:27.470858,2025-12-11T09:18:27.470858
313,Arthur Pinto,joaquimaraujo@example.net,PE,Novais,2025-05-07T00:37:55.996618,2025-08-15T00:37:55.996618
314,Luiz Otávio Sousa,luiz-gustavosousa@example.org,PE,Ferreira,2025-11-29T08:21:11.055776,2026-05-20T08:21:11.055776
315,Pedro Miguel Monteiro,catarinagomes@example.com,DF,Vieira do Sul,2025-11-29T18:00:30.787440,2026-03-13T18:00:30.787440
316,Srta. Ana Luiza Ramos,wrocha@example.org,ES,Jesus das Flores,2024-11-27T10:51:11.574716,2025-08-01T10:51:11.574716
317,Heloisa Alves,asafe46@example.org,ES,Costela Alegre,2026-03-01T04:11:56.492320,2026-09-29T20:38:06.914053
318,Lara da Rosa,kcunha@example.org,PR,Sá Grande,2025-11-19T08:57:22.035564,2026-09-27T08:57:22.035564
319,Caio Farias,mendoncatheo@example.org,MT,Cunha de Pacheco,2025-12-24T06:10:56.353279,2025-12-24T06:10:56.353279
320,Luiz Miguel Aparecida,bcirino@example.org,MA,Camargo,2024-10-27T22:39:03.451774,2025-06-29T22:39:03.451774
321,Davi Luiz da Rosa,milenasousa@example.com,AM,Martins,2024-12-21T15:07:31.514674,2025-11-20T15:07:31.514674
322,Oliver Fernandes,cfarias@example.net,ES,Vieira,2025-10-08T12:14:41.367717,2026-04-02T12:14:41.367717
323,Arthur Miguel Carvalho,lorenasampaio@example.org,SC,Aragão,2025-09-08T03:21:46.514771,2026-08-03T03:21:46.514771
324,Sr. Daniel Campos,hcarvalho@example.com,AC,Câmara,2026-03-26T06:53:44.463478,2026-05-08T06:53:44.463478
325,Yago Montenegro,mouradaniela@example.com,AP,Cunha de Goiás,2025-10-09T22:42:48.078459,2026-09-12T22:42:48.078459
326,Felipe Albuquerque,vitor-gabriel10@example.org,PE,Jesus,2025-11-04T03:45:50.340522,2026-01-04T03:45:50.340522
327,Dr. Anthony Duarte,rezendemaria@example.net,MA,Sales das Pedras,2025-12-06T00:06:29.952974,2026-06-22T00:06:29.952974
328,Dra. Juliana Guerra,idias@example.com,MG,Gomes,2026-03-21T16:11:20.922956,2026-09-29T20:38:06.914789
329,Cecília Porto,da-costamelissa@example.com,RR,da Costa do Oeste,2025-11-20T08:30:13.872663,2026-09-29T20:38:06.914841
330,Arthur Gabriel Silva,guerraaylla@example.net,RS,Novaes de Rios,2025-09-27T21:52:07.282480,2026-09-29T20:38:06.914892
331,Agatha Melo,vmoraes@example.net,PI,da Costa das Flores,2025-03-21T07:47:46.282809,2025-07-01T07:47:46.282809
332,Matteo Moura,aurora18@example.net,ES,da Luz do Amparo,2025-04-12T00:24:17.806041,2025-12-12T00:24:17.806041
333,Dr. Henry Casa Grande,sasarah@example.com,PE,Moura,2026-01-12T08:50:17.453247,2026-04-13T08:50:17.453247
334,Sr. Erick Cassiano,ocavalcanti@example.net,AL,Garcia da Praia,2024-12-31T01:23:17.042413,2025-08-10T01:23:17.042413
335,Camila Jesus,theodorogarcia@example.org,MS,Ribeiro do Galho,2025-12-29T08:22:12.600085,2026-09-29T20:38:06.915151
336,Aurora da Mota,cda-rocha@example.net,AM,Porto de Mendes,2025-07-12T01:26:43.969486,2025-12-29T01:26:43.969486
337,Valentim Cassiano,rodriguesjose-pedro@example.com,PR,Pinto,2025-11-03T18:18:14.411419,2025-12-17T18:18:14.411419
338,Dr. José Almeida,alexandreoliveira@example.com,AL,das Neves,2025-04-20T13:10:33.334871,2026-04-24T13:10:33.334871
339,Lorenzo da Cunha,viniciusmacedo@example.org,PE,Borges de Costa,2025-10-27T21:56:08.986753,2026-05-17T21:56:08.986753
340,Marcelo Aparecida,xgarcia@example.org,RR,Jesus das Pedras,2024-12-08T16:23:58.197024,2025-08-02T16:23:58.197024
341,Luiz Gustavo da Costa,ipacheco@example.net,DF,Azevedo do Oeste,2025-09-19T13:26:01.591898,2026-04-12T13:26:01.591898
342,Bruno Sá,zgarcia@example.net,PA,Ramos de Sá,2025-03-28T21:43:57.752373,2026-04-12T21:43:57.752373
343,Ravi Martins,eleao@example.org,AP,Gonçalves de Mendonça,2025-12-07T03:55:30.780910,2026-01-19T03:55:30.780910
344,Igor Sousa,isadoranogueira@example.org,RO,Novaes Alegre,2024-12-12T12:12:13.279193,2025-12-18T12:12:13.279193
345,Bárbara Borges,eduardooliveira@example.org,AM,Borges de Sá,2025-11-24T21:16:07.232471,2026-02-13T21:16:07.232471
346,Ana Laura Rodrigues,brunamendes@example.org,PI,Pacheco Grande,2025-01-25T12:57:17.895018,2025-04-22T12:57:17.895018
347,Diogo Duarte,mateus80@example.org,PI,Moreira Paulista,2026-03-30T07:05:48.830135,2026-06-03T07:05:48.830135
348,Jade Ribeiro,isabela86@example.net,AL,da Rosa de Goiás,2024-11-15T20:11:08.330621,2024-11-29T20:11:08.330621
349,Ágatha da Cunha,nathan20@example.org,PI,Martins do Amparo,2026-01-17T08:06:37.650362,2026-04-04T08:06:37.650362
350,Luiz Otávio Fernandes,maria-alicesantos@example.net,RO,Siqueira,2025-10-23T08:42:07.788323,2026-08-21T08:42:07.788323
351,Ana Lívia Jesus,brayan43@example.com,MA,Santos,2025-03-20T14:02:51.447648,2025-11-13T14:02:51.447648
352,Mirella Guerra,ncostela@example.org,CE,Porto do Campo,2025-01-22T02:28:43.269165,2025-12-23T02:28:43.269165
353,Theo Cirino,silveiralucas@example.com,ES,Cunha da Prata,2024-10-26T05:01:48.743132,2025-01-08T05:01:48.743132
354,Gustavo Moreira,martinsgabriel@example.org,SE,Aragão,2026-01-01T17:40:14.200781,2026-09-29T20:38:06.916185
355,Jade Santos,brodrigues@example.org,AL,Aparecida,2025-05-14T14:44:05.379781,2026-03-15T14:44:05.379781
356,Laís Teixeira,antonellasantos@example.net,SC,das Neves,2024-12-26T03:10:37.242327,2025-08-25T03:10:37.242327
357,Sr. Dom Rios,heloisaandrade@example.com,MG,Ramos,2026-02-11T01:35:49.850767,2026-09-29T20:38:06.916370
358,Ísis Sales,costamaria-fernanda@example.org,SC,Lopes,2025-03-07T20:51:40.464549,2025-09-02T20:51:40.464549
359,Bruna Andrade,joaquim38@example.net,AP,Mendonça da Praia,2025-03-30T22:47:59.898154,2025-06-17T22:47:59.898154
360,Ayla Costa,tda-mota@example.net,RJ,Costa,2024-10-09T02:50:05.356389,2025-07-16T02:50:05.356389
361,Ian Pacheco,benicio99@example.org,AC,Correia Grande,2024-12-14T22:25:11.715131,2025-09-20T22:25:11.715131
362,Erick Farias,manuella73@example.com,SC,Cavalcanti do Campo,2025-09-24T03:11:31.256977,2025-11-30T03:11:31.256977
363,Bernardo Silveira,vbrito@example.net,AM,Peixoto,2025-12-05T00:32:00.137573,2025-12-15T00:32:00.137573
364,Arthur Gabriel Aparecida,jesusjoao@example.com,RJ,Barbosa da Praia,2025-05-02T20:56:08.470525,2025-05-09T20:56:08.470525
365,Srta. Maria Cecília Cavalcante,fariasanthony@example.net,TO,da Rosa de Cassiano,2025-11-02T02:07:31.521686,2026-09-29T20:38:06.916794
366,Isaque Camargo,maysada-mata@example.net,PI,Duarte,2025-02-19T13:13:53.331405,2026-01-17T13:13:53.331405
367,Vitor Gabriel Aparecida,emanuelly34@example.com,PI,Cardoso,2025-06-12T17:21:09.334616,2025-08-03T17:21:09.334616
368,Dra. Sarah da Costa,albuquerqueheitor@example.org,PR,Sales,2026-02-09T03:32:51.624019,2026-09-29T20:38:06.916942
369,Enzo Gabriel Cassiano,bento66@example.net,PE,da Rocha,2025-11-10T21:36:41.536225,2026-09-29T20:38:06.916988
370,Bryan Ribeiro,ravi-luccada-cruz@example.net,SP,da Cruz,2025-08-07T14:44:00.353165,2025-10-17T14:44:00.353165
371,Sr. Asafe Cunha,ana-juliafernandes@example.org,SE,Pastor de Cirino,2024-11-08T09:50:27.788287,2025-06-18T09:50:27.788287
372,Maria Luísa Andrade,vianasamuel@example.org,SC,Cassiano,2024-10-05T06:41:47.314914,2025-01-12T06:41:47.314914
373,Gustavo Costa,biancasantos@example.org,AC,Andrade de Monteiro,2025-12-10T11:09:43.719565,2026-03-28T11:09:43.719565
374,Sr. Benício Costa,fonsecajuliana@example.org,RS,Pacheco da Serra,2025-07-14T08:40:51.933940,2025-07-28T08:40:51.933940
375,Sara Carvalho,ana-julia07@example.net,RJ,Lopes,2025-12-13T13:55:23.323037,2026-04-20T13:55:23.323037
376,Sophie da Rosa,azevedothiago@example.org,ES,Pastor,2025-04-28T19:06:41.301849,2025-08-14T19:06:41.301849
377,Thales Oliveira,goncalvesisabela@example.net,RO,Garcia das Flores,2025-06-07T07:02:21.862252,2025-11-03T07:02:21.862252
378,Lucca Ribeiro,tvieira@example.org,MA,Pereira de Almeida,2026-03-02T21:50:02.942106,2026-09-29T20:38:06.917567
379,Mariah Jesus,maria-cecilia25@example.net,DF,Fogaça,2026-03-04T11:38:25.643531,2026-07-05T11:38:25.643531
380,Ana Beatriz da Rocha,felipe42@example.net,PB,Ribeiro da Prata,2025-05-03T04:55:33.009644,2026-05-29T04:55:33.009644
381,Henrique Rodrigues,garcialeo@example.com,GO,Cassiano da Praia,2025-12-15T15:44:02.914416,2026-09-29T20:38:06.917743
382,Dr. Leandro Monteiro,natalia93@example.org,MG,Abreu,2024-12-30T02:48:39.562454,2025-06-14T02:48:39.562454
383,Joaquim Marques,clarice18@example.net,SP,Carvalho Paulista,2026-01-10T01:25:16.545587,2026-05-22T01:25:16.545587
384,Théo Pinto,livia44@example.com,MA,Moreira do Norte,2025-09-29T11:45:40.843902,2026-07-04T11:45:40.843902
385,Sabrina Fonseca,araujoisaac@example.net,MG,das Neves de Sá,2026-02-08T11:33:24.161142,2026-09-10T11:33:24.161142
386,Raul Andrade,maria-sophia20@example.com,BA,Pastor,2025-07-07T04:49:32.134849,2025-09-12T04:49:32.134849
387,Ana Clara Gonçalves,alanapires@example.org,MA,Leão,2026-02-14T09:46:53.064082,2026-03-17T09:46:53.064082
388,Antonella Rocha,tmonteiro@example.com,RR,Duarte da Serra,2025-07-26T18:38:12.028723,2026-08-08T18:38:12.028723
389,Ana Julia Vieira,joao-lucas38@example.org,CE,Sousa do Galho,2025-12-30T02:28:33.965442,2026-06-29T02:28:33.965442
390,Benjamim Pastor,hadassa52@example.com,MA,Costa de Pinto,2024-12-31T21:42:01.425826,2025-08-22T21:42:01.425826
391,Maria Luiza Caldeira,eloa65@example.com,SE,da Mata de Camargo,2025-03-24T05:16:15.245404,2026-02-26T05:16:15.245404
392,Milena Montenegro,kporto@example.com,AL,da Mota,2025-01-19T03:35:34.731348,2025-11-13T03:35:34.731348
393,Maria Sophia Sá,da-motaheloisa@example.com,RR,Moura da Mata,2025-11-18T05:28:05.201882,2026-08-09T05:28:05.201882
394,José Pedro Machado,aparecidasophia@example.net,RJ,Fogaça da Praia,2026-01-08T22:04:45.766446,2026-08-11T22:04:45.766446
395,Bernardo Novaes,sajulia@example.net,AM,Cavalcante da Serra,2025-02-21T21:00:08.450118,2025-11-04T21:00:08.450118
396,Bárbara Vasconcelos,ygoncalves@example.net,TO,Guerra das Flores,2026-03-13T10:02:43.397983,2026-05-18T10:02:43.397983
397,Dr. Francisco Silva,sophiasousa@example.net,PA,Carvalho do Oeste,2025-06-30T06:09:12.831990,2026-03-29T06:09:12.831990
398,Noah Azevedo,oliveiraravy@example.net,PA,Cunha Verde,2025-04-02T23:45:16.198699,2025-06-18T23:45:16.198699
399,Caroline Cassiano,rhavimontenegro@example.org,MA,Souza,2025-11-02T16:59:43.666445,2026-07-28T16:59:43.666445
400,Maria Helena da Paz,hadassapimenta@example.com,RR,Vargas,2026-03-14T20:03:56.314689,2026-09-29T20:38:06.918807
401,Júlia Pereira,pietrodas-neves@example.org,MS,Fonseca,2025-08-25T23:49:55.777003,2025-09-03T23:49:55.777003
402,Ana Sophia Campos,pedro-henrique07@example.net,SP,Machado,2024-10-12T03:44:50.313146,2025-05-25T03:44:50.313146
403,Pietro Pastor,aparecidastephany@example.com,AM,Câmara de da Rocha,2025-02-27T02:27:01.346718,2026-03-31T02:27:01.346718
404,Dr. Vinícius Nunes,pedro-henriquenovais@example.org,MA,Câmara,2025-09-09T07:01:36.639733,2025-12-11T07:01:36.639733
405,Thiago da Mata,efreitas@example.net,GO,Pacheco,2025-11-29T17:48:01.734581,2026-09-29T20:38:06.919072
406,Sophie Pastor,qcamara@example.org,SE,Nascimento Alegre,2024-11-29T23:00:39.091832,2024-12-01T23:00:39.091832
407,Brayan Ramos,ioliveira@example.com,PB,Correia de Fernandes,2025-09-24T20:12:35.806426,2026-09-29T20:38:06.919173
408,Nathan Cavalcante,mathias18@example.org,PB,Vieira,2025-09-01T18:00:40.084948,2025-11-16T18:00:40.084948
409,João Costa,augusto90@example.org,MS,Leão,2025-10-19T23:59:17.839938,2026-01-15T23:59:17.839938
410,Zoe da Luz,luan95@example.com,MA,Aparecida,2024-10-06T12:15:24.081405,2024-12-17T12:15:24.081405
411,Sra. Mariah Alves,gvargas@example.com,AM,Fonseca,2025-11-08T12:32:41.040568,2026-07-08T12:32:41.040568
412,Raquel Barros,antonella72@example.org,PE,Moraes das Flores,2025-11-29T09:39:41.066410,2026-09-29T20:38:06.919464
413,Antônio Correia,rafaela66@example.org,SE,Carvalho Grande,2025-01-22T01:29:04.227303,2026-01-28T01:29:04.227303
414,Vitor Garcia,albuquerqueerick@example.com,SP,Costela,2024-10-06T10:26:35.696698,2024-12-06T10:26:35.696698
415,Ana Sophia Duarte,maria-eduarda73@example.org,ES,Fogaça,2026-01-29T12:39:51.981492,2026-09-29T20:38:06.919615
416,Carlos Eduardo Pastor,murilomacedo@example.com,RJ,Teixeira de Azevedo,2025-04-27T00:50:44.446354,2025-05-28T00:50:44.446354
417,Srta. Olivia Cavalcante,rrezende@example.net,ES,Sales de Melo,2025-08-07T19:18:54.341270,2026-01-20T19:18:54.341270
418,Theo Peixoto,sazevedo@example.org,SE,Abreu,2025-08-27T09:15:43.599771,2026-08-11T09:15:43.599771
419,Srta. Ana Carolina da Cruz,costaalexandre@example.org,PB,Guerra,2025-05-02T08:19:30.019674,2026-01-22T08:19:30.019674
420,Augusto Novais,cda-luz@example.org,PB,Mendes,2025-02-08T03:17:35.426461,2025-11-06T03:17:35.426461
421,Calebe Cirino,sarahcastro@example.net,PE,Caldeira do Galho,2025-11-18T06:02:12.643872,2026-08-29T06:02:12.643872
422,Agatha Barbosa,novaisenzo-gabriel@example.net,PI,Santos,2025-12-04T14:21:43.468528,2026-08-08T14:21:43.468528
423,Lavínia Marques,arios@example.net,SC,Alves,2024-10-29T02:23:43.715261,2025-11-30T02:23:43.715261
424,Natália Costela,santosoliver@example.net,PA,Pimenta,2025-01-10T01:12:16.227379,2025-03-05T01:12:16.227379
425,Stephany Fogaça,borgesrhavi@example.org,AP,da Mota da Mata,2026-03-18T10:31:18.292916,2026-09-29T20:38:06.920142
426,Diogo Monteiro,matheus01@example.org,AL,Rodrigues,2025-03-17T19:32:46.411090,2025-04-15T19:32:46.411090
427,Hadassa Moreira,amarques@example.net,RJ,Teixeira,2025-10-13T19:43:02.843611,2026-02-17T19:43:02.843611
428,Antônio Araújo,riosjoao-gabriel@example.com,SE,Cirino,2025-11-04T20:43:25.713782,2026-02-09T20:43:25.713782
429,Pedro Miguel da Cunha,thiagoviana@example.com,MS,Duarte,2025-09-03T09:55:45.613950,2026-01-22T09:55:45.613950
430,Pedro Miguel Castro,nteixeira@example.com,GO,Albuquerque,2025-04-26T20:39:13.315752,2025-05-17T20:39:13.315752
431,Luigi da Conceição,bella03@example.com,SE,Nascimento,2025-05-13T08:48:43.774781,2026-06-12T08:48:43.774781
432,Levi Lima,emanuelly18@example.org,PB,Cunha,2024-12-26T18:26:45.969894,2025-02-14T18:26:45.969894
433,Zoe da Cruz,smoreira@example.net,AP,Cunha,2025-07-17T07:14:39.749955,2026-04-02T07:14:39.749955
434,José Pedro Lopes,cavalcantiluna@example.net,RO,Sales,2025-03-05T20:34:51.637051,2025-10-22T20:34:51.637051
435,Matteo da Cruz,theo01@example.net,DF,Pinto Verde,2026-03-02T21:18:37.435153,2026-09-29T20:38:06.920699
436,Bernardo Sales,eda-rosa@example.org,SC,Nascimento,2024-12-16T04:50:36.695006,2024-12-30T04:50:36.695006
437,Sr. Diego Novais,silveiramarina@example.net,PE,Vargas dos Dourados,2024-10-07T08:17:44.807964,2025-10-31T08:17:44.807964
438,José Miguel da Rosa,sjesus@example.net,CE,Siqueira de Brito,2025-01-04T20:34:25.730825,2025-02-05T20:34:25.730825
439,Manuela Duarte,bentogomes@example.org,AM,Ferreira,2026-01-14T08:12:21.842838,2026-08-28T08:12:21.842838
440,Anthony Correia,borgeslevi@example.net,RO,Ribeiro Paulista,2025-10-01T21:46:50.967363,2026-03-16T21:46:50.967363
441,Rodrigo Brito,gomesthomas@example.net,AP,Araújo,2025-01-06T08:17:36.911565,2025-11-15T08:17:36.911565
442,João Felipe Cardoso,emanuella82@example.org,MS,Freitas da Praia,2024-11-03T21:17:25.408327,2025-07-19T21:17:25.408327
443,Brenda da Cruz,allanateixeira@example.com,SP,Câmara,2024-12-29T11:13:09.467607,2025-11-04T11:13:09.467607
444,Matheus Fonseca,maria-juliada-luz@example.org,AL,Ribeiro,2025-09-19T19:02:48.416899,2026-06-08T19:02:48.416899
445,Sr. João Miguel Alves,fmacedo@example.org,AM,Novais de Silva,2025-04-24T04:29:05.917513,2025-08-04T04:29:05.917513
446,Bárbara Mendonça,ocavalcanti@example.com,PB,Campos,2025-06-26T01:29:22.572843,2026-06-15T01:29:22.572843
447,Luiz Miguel Macedo,vda-costa@example.net,AL,Moraes,2025-01-11T22:11:50.248327,2025-06-01T22:11:50.248327
448,Srta. Maria Flor Camargo,lopessabrina@example.org,ES,Moraes,2025-01-29T05:58:11.866804,2025-09-17T05:58:11.866804
449,Carlos Eduardo Barros,dda-luz@example.com,SE,Barbosa,2026-01-16T04:20:22.046853,2026-09-29T20:38:06.921469
450,Luiza Brito,alanaribeiro@example.com,AP,Santos,2025-12-15T10:30:38.153145,2026-09-14T10:30:38.153145
451,Jade Cirino,piresolivia@example.org,RS,Rodrigues de Sousa,2026-03-22T16:08:18.113268,2026-09-29T20:38:06.921572
452,Isabel Vargas,mrios@example.org,RS,Casa Grande das Flores,2024-10-17T00:49:08.774863,2025-07-03T00:49:08.774863
453,Sr. Léo Ribeiro,rafaelalmeida@example.net,PB,Machado,2025-12-13T17:45:12.544017,2026-04-18T17:45:12.544017
454,João Pedro Macedo,matheusda-rosa@example.net,MT,Azevedo,2025-01-26T06:28:08.570336,2026-01-18T06:28:08.570336
455,Eloah Albuquerque,maria-sophia31@example.com,MS,Rocha de Cunha,2025-05-07T15:43:40.729887,2026-01-29T15:43:40.729887
456,Gael Melo,ana-luizaviana@example.com,GO,Sá,2025-09-04T18:48:26.259068,2026-01-14T18:48:26.259068
457,Emanuelly Fernandes,trios@example.org,RJ,Vargas da Serra,2025-03-24T16:54:18.026329,2026-01-04T16:54:18.026329
458,Eduardo Pereira,maria78@example.net,RR,Carvalho Paulista,2025-02-07T00:45:26.425625,2025-05-21T00:45:26.425625
459,João Guilherme Leão,joao-guilhermemoreira@example.org,RJ,Sá do Norte,2025-02-08T03:08:58.883761,2025-09-25T03:08:58.883761
460,Eloah Barros,avieira@example.com,RJ,Cassiano,2024-12-30T07:10:22.773240,2025-03-10T07:10:22.773240
461,Nicolas Brito,lopesgustavo-henrique@example.org,MA,da Paz,2026-03-07T17:46:17.687989,2026-09-29T20:38:06.922082
462,Davi Miguel Leão,mourafernanda@example.com,SE,Machado,2025-11-16T05:58:41.173975,2026-01-17T05:58:41.173975
463,Vitória Pastor,rebeca83@example.com,AP,Oliveira das Flores,2025-02-09T22:37:27.822894,2025-08-28T22:37:27.822894
464,Sra. Isabela Jesus,sabrina41@example.net,SC,Pinto,2025-01-06T20:21:48.923275,2025-08-20T20:21:48.923275
465,Luan Albuquerque,vmelo@example.net,SP,Martins,2025-10-08T07:12:05.244081,2026-03-18T07:12:05.244081
466,Pedro Borges,vitoriajesus@example.com,BA,Freitas,2026-03-08T14:14:11.536116,2026-04-14T14:14:11.536116
467,Dr. Thales Vargas,jose-miguel33@example.com,AM,Moraes,2025-11-06T06:38:56.071484,2026-09-29T20:38:06.922429
468,Mariah Ramos,melomaria@example.com,RJ,Ferreira das Pedras,2024-12-12T21:36:12.661733,2025-04-14T21:36:12.661733
469,Allana Rocha,isabelfreitas@example.org,RS,Novaes do Oeste,2025-03-20T17:02:53.766685,2025-10-25T17:02:53.766685
470,Dra. Fernanda Freitas,thomas21@example.net,PB,Costa,2025-09-12T02:35:25.383690,2025-10-19T02:35:25.383690
471,Yasmin Jesus,benjamin10@example.org,AP,Abreu,2026-02-02T22:42:27.835284,2026-05-21T22:42:27.835284
472,João Silva,arthur-miguelalves@example.org,AP,Costa,2025-01-02T11:57:26.909012,2025-12-10T11:57:26.909012
473,Sr. Vicente Ferreira,ana67@example.com,MT,Barros,2024-12-19T19:34:24.064965,2025-05-23T19:34:24.064965
474,Caleb Azevedo,sampaiovinicius@example.org,SE,Fernandes do Galho,2025-02-21T00:49:13.226397,2025-04-24T00:49:13.226397
475,Benjamim Sá,laviniagomes@example.com,RR,da Conceição,2025-06-25T20:41:01.477455,2026-07-27T20:41:01.477455
476,Ravy Brito,pastorkevin@example.org,SE,Martins de Vieira,2025-03-19T00:04:48.778060,2025-06-06T00:04:48.778060
477,Ayla Ribeiro,bnunes@example.org,AC,Pacheco,2025-12-19T18:34:53.501879,2026-09-29T20:38:06.923091
478,Natália da Costa,melissa68@example.net,MT,Alves,2025-01-25T14:57:31.586605,2025-12-20T14:57:31.586605
479,Henry Moraes,otavio79@example.org,CE,das Neves,2025-02-01T17:55:46.004071,2026-01-05T17:55:46.004071
480,Davi Lucca Castro,camaramaria-fernanda@example.com,TO,Gonçalves Alegre,2026-03-28T18:52:48.643678,2026-09-29T20:38:07.008849
481,Benjamin Vasconcelos,felipe40@example.com,PE,Cassiano,2025-07-12T21:54:55.339527,2025-09-23T21:54:55.339527
482,Isabelly Martins,costaaurora@example.org,SE,Rodrigues do Amparo,2025-01-03T10:16:24.675408,2025-05-12T10:16:24.675408
483,Cauê Ribeiro,pintohellena@example.com,PR,da Cunha,2025-07-16T09:27:23.818034,2025-09-24T09:27:23.818034
484,Hellena Machado,maria-liz65@example.net,PB,Pinto do Norte,2025-12-13T16:19:59.113187,2026-08-09T16:19:59.113187
485,Aurora Porto,joao-felipe08@example.org,AP,Rodrigues de Pinto,2024-11-25T21:18:08.450814,2025-03-17T21:18:08.450814
486,Ana Lívia Sá,luiza81@example.org,MG,Silva,2024-10-18T15:02:30.464249,2025-11-04T15:02:30.464249
487,Arthur Gabriel da Paz,sofiacaldeira@example.net,AP,Castro da Prata,2026-03-11T08:26:36.946792,2026-04-28T08:26:36.946792
488,Eloá da Costa,hellenateixeira@example.com,RR,Fonseca do Campo,2025-08-26T03:56:57.866043,2026-03-17T03:56:57.866043
489,Bruna Borges,helena73@example.org,RN,Teixeira dos Dourados,2026-01-30T16:11:56.230109,2026-09-29T20:38:07.009442
490,Davi Lucca Souza,marianecaldeira@example.net,MT,Alves,2025-05-02T20:07:29.592033,2025-07-24T20:07:29.592033
491,Clarice Pimenta,ana-sophia25@example.net,DF,Araújo do Sul,2025-02-16T04:41:55.629612,2026-01-23T04:41:55.629612
492,Manuella Albuquerque,bruno05@example.org,MT,Fonseca da Mata,2026-01-15T07:13:57.173328,2026-05-09T07:13:57.173328
493,Dr. Marcos Vinicius da Paz,da-conceicaoapollo@example.net,PA,Ramos,2025-04-22T16:08:34.411412,2025-07-13T16:08:34.411412
494,Srta. Clarice das Neves,mirella56@example.com,TO,Carvalho de Goiás,2025-12-14T00:51:26.782148,2026-09-29T20:38:07.009765
495,Sr. Luiz Felipe Cavalcanti,joao-lucas80@example.net,PB,Melo dos Dourados,2025-07-21T19:08:47.774869,2026-02-26T19:08:47.774869
496,Luigi Fonseca,davi-lucasbrito@example.org,MT,Vieira,2025-12-02T00:20:18.531213,2026-08-22T00:20:18.531213
497,Sr. Bernardo Monteiro,costamaria-eduarda@example.net,MG,Mendes das Flores,2024-10-13T09:25:58.882699,2025-05-07T09:25:58.882699
498,Olivia Dias,ana-livia59@example.org,RN,Mendes,2025-03-18T04:23:04.016602,2025-09-07T04:23:04.016602
499,Ian Costela,eloanogueira@example.com,RO,Rezende,2025-05-31T20:16:11.727580,2026-01-01T20:16:11.727580
500,Ravi Pastor,talves@example.org,PA,Cirino,2026-02-12T09:28:06.525974,2026-05-23T09:28:06.525974
